<addon id="repository.techxxx" name="Techxxx Repository" version="1.0.0" provider-name="TechXXX">
  <extension point="xbmc.addon.repository">
    <dir>
      <info compressed="false">https://raw.githubusercontent.com/TechXXX/myrepo/main/repo/zips/addons.xml</info>
      <checksum>https://raw.githubusercontent.com/TechXXX/myrepo/main/repo/zips/addons.xml.md5</checksum>
      <datadir zip="true">https://raw.githubusercontent.com/TechXXX/myrepo/main/repo/zips/</datadir>
    </dir>
  </extension>
  <extension point="xbmc.addon.metadata">
    <summary>Techxxx Repository</summary>
    <description>Kodi repository hosted on GitHub</description>
    <platform>all</platform>
  </extension>
</addon>

